관측소,주소,경도,위도,조사년도,암반층관측정수위,암반층관측정표고,암반층관측정심도,충적층관측정수위,충적층관측정표고,충적층관측정심도
가평가평,경기 가평군 가평읍 624-1,127.4639099,37.86041659,2016,58.52,61.48,2.96,58.59,61.48,2.89
가평북면,경기 가평군 북면 목동리 866-2,127.5513956,37.88651663,2016,109.74,120.65,10.91,-,-,-
가평상면,경기 가평군 상면 임초리 643,127.3784243,37.77209767,2016,136.09,139.58,3.49,-,-,-
가평외서,경기 가평군 청평면 고성리 55,127.5062299,37.71375322,2016,49.84,57.9,8.06,-,-,-
강릉연곡,강원 강릉시 연곡면 퇴곡1리 720-5,128.7825782,37.84794494,2016,39.9,44.77,4.87,-,-,-
강릉왕산,강원 강릉시 왕산면 대기리 2214-107,128.7392896,37.62275271,2016,970.75,986.53,15.78,-,-,-
강릉홍제,강원 강릉시 홍제동 96-54,128.8839419,37.74770958,2016,14.88,20.3,5.42,14.94,20.36,5.42
강진성전,전남 강진군 성전면 월평리 66-1,126.6828635,34.69998524,2016,52.3,54.88,2.58,52.31,54.9,2.59
강진옴천,전남 강진군 옴천면 개산리 279-12,126.792933,34.7446749,2016,101.49,103.62,2.13,-,-,-
강진칠량,전남 강진군 칠량면 영동리 1137-80,126.7983505,34.57229438,2016,5.3,8.96,3.66,5.84,8.93,3.09
거제신현,경남 거제시 신현읍 삼거리 529-1,128.6474894,34.84767051,2016,139.12,140.28,1.16,136.75,140.28,3.53
거제연초,경남 거제시 연초면 덕치리 산69-3,128.6531261,34.94460242,2016,55.89,77.614,21.724,-,-,-
거창거창,경남 거창군 거창읍 학리 1047-62,127.9240293,35.72276525,2016,202.13,204.59,2.46,202.07,204.58,2.51
거창신원,경남 거창군 신원면 수원리 산 76-2,127.9767291,35.58867344,2016,196.1,215.36,19.26,-,-,-
거창웅양,경남 거창군 웅양면 노현리 1399-9,127.921071,35.80660252,2016,296.41,299.54,3.13,-,-,-
경산남산,경북 경산시 남산면 산양리 57,128.8373821,35.79325959,2016,63.28,69.5,6.22,64.75,69.5,4.75
경산진량,경북 경산시 진량읍 다문리 261,128.8511409,35.87118847,2016,72.55,75.69,3.14,-,-,-
경주건천,경북 경주시 건천읍 방내리 1299-1,129.1049609,35.82347773,2016,86.19,89.09,2.9,86.17,89.07,2.9
경주산내,경북 경주시 산내면 의곡리 89-13,129.0476574,35.7544018,2016,198.56,200.04,1.48,198.74,200.04,1.3
경주양북,경북 경주시 양북면 용동리 산323-2,129.4107861,35.83077178,2016,132.95,136.22,3.27,124.43,136.22,11.79
경주외동,경북 경주시 외동읍 활성리 948-1,129.3229272,35.75367529,2016,93.41,96.8,3.39,93.34,96.8,3.46
경주천북,경북 경주시 천북면 동산리 506-1,129.2711587,35.89512345,2016,33.48,42.38,8.9,36.47,41.38,4.91
계룡엄사,충남 계룡시 엄사면 엄사리 13-31,127.2470248,36.28313796,2016,134.66,139.02,4.36,-,-,-
고령고령,경북 고령군 고령읍 장기리 331-2,128.2763374,35.71778462,2016,22.8,28.22,5.42,22.76,28.2,5.44
고성거류,경남 고성군 거류면 당동리 66,128.4042958,34.99347207,2016,5.27,11.98,6.71,-,-,-
고성인흥,강원 고성군 토성면 인흥리 191,128.550001,38.23478663,2016,-6.08,14.9,20.98,-,-,-
고성토성,강원 고성군 토성면 원암리 441-1,128.5096416,38.21194573,2016,75.95,80.65,4.7,-,-,-
고양성사,경기 고양시 덕양구 성사동 267,126.8428824,37.64856699,2016,31.71,34.56,2.85,-,-,-
고창고수,전북 고창군 고수면 상평리 771-1,126.6894463,35.39268598,2016,53.79,56.21,2.42,53.75,56.21,2.46
고창대산,전북 고창군 대산면 갈마리 산 18-4,126.5569991,35.32144816,2016,19.35,31.963,12.613,-,-,-
고창상하,전북 고창군 상하면 용대리 1340,126.4889302,35.42047659,2016,4.36,9.52,5.16,4.42,9.5,5.08
고창성내,전북 고창군 성내면 덕산리 397-11,126.7296995,35.56299044,2016,5.02,16.94,11.92,5.07,17,11.93
고창흥덕,전북 고창군 흥덕면 동사리 435-28,126.7045762,35.51759466,2016,26.68,30.78,4.1,-,-,-
고흥대서,전남 고흥군 대서면 화산리 929-11,127.2850206,34.77214136,2016,9.57,12.8,3.23,-,-,-
고흥영남,전남 고흥군 영남면 양사리 197-1,127.4672915,34.60672664,2016,31.09,37.52,6.43,-,-,-
곡성고달,전남 곡성군 고달면 고달리 785-121,127.3303306,35.27566767,2016,46.89,54,7.11,46.95,54,7.05
곡성곡성,전남 곡성군 곡성읍 구원리 947-5,127.2620067,35.25000913,2016,95.71,101.06,5.35,-,-,-
곡성목사동,전남 곡성군 목사동면 용봉리 721,127.306419,35.1045609,2016,94.77,103.55,8.78,-,-,-
곡성옥과,전남 곡성군 옥과면 무창리 산39-2,127.1456263,35.27715721,2016,80.16,91.25,11.09,-,-,-
곡성입면,전남 곡성군 입면 매월리 584-7,127.2033654,35.29683334,2016,77.04,82.07,5.03,77.61,82.07,4.46
공주반포,충남 공주시 반포면 봉곡리 산73-7,127.2412939,36.40171988,2016,72.02,82.25,10.23,-,-,-
공주신풍,충남 공주시 신풍면 백룡리 914-5,126.9762375,36.50928718,2016,37.93,43.94,6.01,-,-,-
공주정안,충남 공주시 정안면 화봉리 440-53,127.1135283,36.54101272,2016,30.31,34.41,4.1,30.31,34.42,4.11
공주탄천,충남 공주시 탄천면 견동리 356-2,126.9926548,36.3538726,2016,5.48,13.39,7.91,-,-,-
광명철산,경기 광명시 철산동 15,126.8680329,37.49209788,2016,5.14,11.16,6.02,5.23,11.16,5.93
광양광양,전남 광양시 광양읍 세풍리 293-2,127.5832641,34.94409151,2016,4.9,8.114,3.214,-,-,-
광양봉강,전남 광양시 봉강면 봉당리 978-43,127.5773381,35.01365203,2016,50.39,53.77,3.38,-,-,-
광양진상,전남 광양시 진상면 섬거리 96,127.7213556,35.03220635,2016,10.38,18.357,7.977,-,-,-
광주광주,경기 광주시 탄벌동 698-10,127.2489583,37.41784937,2016,44.82,49.12,4.3,-,-,-
광주남종,경기 광주시 남종면 분원리 100,127.3009131,37.49652101,2016,24.83,26.04,1.21,-,-,-
광주도척,경기 광주시 도척면 진우리 600-1,127.3420519,37.31647718,2016,107.98,112.25,4.27,-,-,-
광주운정,광주 북구 운정동 697,126.9435042,35.22986688,2016,58.14,61.54,3.4,-,-,-
광주유덕,광주 서구 유촌동 25-1,126.8574485,35.16561127,2016,16.27,19.65,3.38,16.57,19.86,3.29
괴산괴산,충북 괴산군 괴산읍 서부리 175,127.7845425,36.81181517,2016,112.57,114.78,2.21,-,-,-
괴산청천,충북 괴산군 청천면 도원리 539-7,127.7779689,36.67883822,2016,156.4,160.66,4.26,-,-,-
구례토지,전남 구례군 토지면 구산리 119-11,127.5290643,35.19825969,2016,28.68,31.38,2.7,-,-,-
구미고아,경북 구미시 고아읍 횡산리 419,128.276171,36.20124718,2016,50.44,57.213,6.773,-,-,-
구미도개,경북 구미시 도개면 동산리 911,128.3280196,36.3318703,2016,51.82,55.3,3.48,52.01,55.3,3.29
구미원평,경북 구미시 원평동 964-286,128.3359586,36.13307472,2016,33.95,37.95,4,34.14,37.95,3.81
군산서수,전북 군산시 서수면 서수리 771-4,126.8757955,35.98345777,2016,0.94,7.09,6.15,-,-,-
군산임피,전북 군산시 임피면 읍내리 216-1,126.8504723,35.98249089,2016,11.1,15.4,4.3,11.19,15.44,4.25
군위산성,경북 군위군 산성면 화본리 1129-4,128.6917002,36.12231241,2016,130.44,134.87,4.43,-,-,-
군위의흥,경북 군위군 의흥면 읍내리 248-3,128.7180289,36.17246298,2016,119.06,123.56,4.5,118.66,123.51,4.85
군포당정,경기 군포시 당정동 921-1,126.9553278,37.35269384,2016,41.19,47.78,6.59,-,-,-
금산금산,충남 금산군 금산읍 신대리 37-2,127.5077237,36.10344847,2016,140.59,144.22,3.63,140.62,144.22,3.6
금산복수,충남 금산군 복수면 곡남리 469,127.3985141,36.16333843,2016,138,142.62,4.62,138.1,142.62,4.52
김제봉남,전북 김제시 봉남면 화봉리 11-3,126.9858607,35.73660436,2016,12.89,15.91,3.02,-,-,-
김제부량,전북 김제시 부량면 용성리 468-16,126.8488724,35.74695876,2016,3.21,5.67,2.46,-,-,-
김제용지,전북 김제시 용지면 장신리 994-8,126.9791807,35.86191849,2016,13.49,15.04,1.55,-,-,-
김제죽산,전북 김제시 죽산면 연포리 1041,126.8007711,35.75377774,2016,1.14,4.71,3.57,-,-,-
김천대덕,경북 김천시 대덕면 관기리 372-8,127.9684896,35.91749759,2016,223.31,228.95,5.64,223.72,228.92,5.2
김천부항,경북 김천시 부항면 사등리 515-1,127.9550862,35.99013775,2016,237.18,242.78,5.6,-,-,-
김천지좌,경북 김천시 지좌동 440-128,128.1446474,36.11974662,2016,86.41,91.03,4.62,-,-,-
김포김포,경기 김포시 걸포동 1550-10,126.710169,37.63276774,2016,0.35,6.79,6.44,1.8,6.79,4.99
김포대곶,경기 김포시 대곶면 송마리 602-4,126.5542833,37.66248641,2016,4.01,9.9,5.89,-,-,-
김포양촌,경기 김포시 양촌면 석모리 318-4,126.6534637,37.64745166,2016,50.15,68.17,18.02,-,-,-
김포월곶,경기 김포시 월곶면 군하리 374-6,126.5486808,37.7122393,2016,6.53,18.28,11.75,-,-,-
김포하성,경기 김포시 하성면 전류리 66-1,126.6625211,37.69763927,2016,4.53,11.4,6.87,-,-,-
김해삼정,경남 김해시 삼정동 635-1,128.9002237,35.2336161,2016,2.61,5.33,2.72,-,-,-
김해생림,경남 김해시 생림면 안양리 837-1,128.833983,35.38074404,2016,3.24,9.88,6.64,-,-,-
나주봉황,전남 나주시 봉황면 죽석리 468-9,126.787116,34.96473054,2016,15.69,20.2,4.51,15.66,20.18,4.52
나주삼도,전남 나주시 삼도동 1402-1,126.7308521,35.03854736,2016,4.09,10.24,6.15,4.09,10.24,6.15
나주왕곡,전남 나주시 왕곡면 장산리 729,126.7036742,34.97943029,2016,5.99,9.526,3.536,-,-,-
남양주별내,경기 남양주시 별내면 광전리 118-5,127.1233622,37.70221833,2016,58.9,63.34,4.44,59.05,63.39,4.34
남원도통,전북 남원시 도통동 554,127.4003212,35.41967454,2016,105.55,108.33,2.78,105.54,108.29,2.75
남원사매,전북 남원시 사매면 대신리 199,127.3766815,35.48157037,2016,132.56,137.76,5.2,-,-,-
남원이백,전북 남원시 이백면 강기리 180-2,127.469607,35.45217766,2016,210.6,211.987,1.387,-,-,-
남해남해,경남 남해군 남해읍 아산리 1053-2,127.8830737,34.84307412,2016,81.34,90.49,9.15,-,-,-
논산광석,충남 논산시 광석면 천동리 40-5,127.0973784,36.23158859,2016,-2.7,8.96,11.66,-,-,-
논산상월,충남 논산시 상월면 주곡리 153-3,127.1470782,36.28083988,2016,19.14,22.01,2.87,-,-,-
단양단양,충북 단양군 단양읍 천동리 380-16,128.4204406,36.96448326,2016,317.36,320.43,3.07,-,-,-
담양금성,전남 담양군 금성면 대곡리 91-1,127.0313495,35.32318017,2016,67.07,69.83,2.76,-,-,-
담양담양,전남 담양군 담양읍 천변리 401-1,126.9766497,35.30953215,2016,41.5,44.88,3.38,-,-,-
당진당진,충남 당진시 당진읍 원당리 484-1,126.6490761,36.91346343,2016,9.93,12.56,2.63,-,-,-
당진석문,충남 당진시 석문면 통정리 631-2,126.5886863,36.98510908,2016,8.01,11,2.99,-,-,-
당진순성,충남 당진시 순성면 광천리 198-17,126.7172132,36.84063705,2016,13.01,17.9,4.89,13.29,17.9,4.61
대구가창,대구 달성군 가창면 옥분리 778-8,128.6502283,35.75205134,2016,162,165.41,3.41,162.04,165.39,3.35
대구대봉,대구 중구 대봉동 31-30,128.6064071,35.85956375,2016,26.17,35.66,9.49,-,-,-
대구비산,대구 서구 비산동 3048,128.5418885,35.88397114,2016,17.1,25.63,8.53,19.01,25.65,6.64
대구현풍,대구 달성군 현풍면 성하리 725-15,128.4355149,35.69671774,2016,13.6,18.46,4.86,-,-,-
대전문평,대전 대덕구 문평동 69-1,127.4024593,36.4509647,2016,21.44,29.59,8.15,21.25,29.57,8.32
대전태평,대전 중구 태평동 510-162,127.3864514,36.31845088,2016,44.49,52.99,8.5,-,-,-
동두천상패,경기 동두천시 상패동 122,127.0426744,37.90463564,2016,55.01,61.23,6.22,-,-,-
동해귀운,강원 동해시 귀운동 152-2,129.0933584,37.48045335,2016,6.61,13.96,7.35,6.54,13.96,7.42
마산진전,경남 창원시 마산합포구 진전면 오서리 892,128.4094157,35.10409772,2016,18.78,22.56,3.78,-,-,-
마산합성,경남 창원시 마산회원구 합성동 45-10,128.5918779,35.24164592,2016,15.8,31.542,15.742,-,-,-
목포용당,전남 목포시 용당동 846,126.3927318,34.81238084,2016,18.3,24.43,6.13,-,-,-
무안몽탄,전남 무안군 몽탄면 명산리 786,126.5260672,34.8931261,2016,0.19,3.51,3.32,-,-,-
무안무안,전남 무안군 무안읍 성암리 574,126.4924793,34.97718088,2016,20.19,31.62,11.43,-,-,-
무안일로,전남 무안군 일로읍 복룡리 445-1,126.5254378,34.87193322,2016,2.78,5.21,2.43,-,-,-
무안해제,전남 무안군 해제면 광산리 152-10,126.2861076,35.09649731,2016,5.29,14.42,9.13,-,-,-
무주무주,전북 무주군 무주읍 당산리 산3-2,127.6488596,35.99424281,2016,209.3,234.56,25.26,-,-,-
무주무풍,전북 무주군 무풍면 금평리 2277,127.8743052,35.95718734,2016,449.94,453.48,3.54,-,-,-
문경농암,경북 문경시 농암면 종곡리 536-1,128.0044232,36.59443776,2016,169.85,175.31,5.46,170.53,175.33,4.8
문경문경,경북 문경시 문경읍 팔영리 694,128.1430379,36.74542775,2016,185.24,188.58,3.34,184.93,188.59,3.66
문경영순,경북 문경시 영순면 의곡리 22-3,128.2359112,36.58202264,2016,102.74,105.375,2.635,-,-,-
밀양가곡,경남 밀양시 가곡동 651-12,128.7645607,35.47865811,2016,3.93,9.22,5.29,6.86,9.22,2.36
밀양단장,경남 밀양시 단장면 고례리 1601,128.9287918,35.4871462,2016,120.96,132.787,11.827,-,-,-
밀양하남,경남 밀양시 하남읍 수산리 130-2,128.7365759,35.36228043,2016,-2.26,10.67,12.93,-1.93,10.64,12.57
보령웅천,충청남도 보령시 웅천읍 성동리 1222-89,126.6258471,36.25090342,2016,14.75,17.54,2.79,-,-,-
보령청라,충남 보령시 청라면 내현리 519-4,126.662261,36.39168628,2016,50.26,54.89,4.63,50.22,54.85,4.63
보령청소,충남 보령시 청소면 야현리 644-16,126.5935973,36.44155,2016,14.46,16.03,1.57,14.47,16.1,1.63
보성겸백,전남 보성군 겸백면 석호리 449-6,127.1520139,34.82856737,2016,115.45,120.65,5.2,-,-,-
보성벌교,전남 보성군 벌교읍 연산리 456-6,127.3403322,34.86042767,2016,7.97,13.79,5.82,-,-,-
보은마로,충북 보은군 마로면 오천리 683,127.802844,36.39930547,2016,125.37,129.31,3.94,125.49,129.32,3.83
보은보은,충북 보은군 보은읍 장신리 135-9,127.7134122,36.48421935,2016,150.32,154.4,4.08,150.36,154.4,4.04
보은회인,충북 보은군 회인면 죽암리 193-1,127.5958461,36.47095362,2016,95.28,108.84,13.56,-,-,-
봉화명호,경북 봉화군 명호면 도천리 산376,128.9021795,36.85872023,2016,196.93,204.21,7.28,196.98,204.21,7.23
봉화재산,경북 봉화군 재산면 현동리 1683-1,128.9632698,36.81352848,2016,309.68,311.74,2.06,-,-,-
부산덕천,부산 북구 덕천동 723,129.0028652,35.21279186,2016,-7.37,5.42,12.79,-,-,-
부산동대신,부산 서구 동대신동 2가 98,129.0276596,35.11359983,2016,106.67,141.28,34.61,-,-,-
부산장안,부산 기장군 장안읍 장안리 387,129.2475602,35.36780086,2016,53.03,58.9,5.87,-,-,-
부안백산,전북 부안군 백산면 오곡리 689-1,126.7881354,35.70560273,2016,5.92,13.42,7.5,5.91,13.42,7.51
부안상서,전북 부안군 상서면 가오리 522-1,126.6769771,35.68588886,2016,6.29,12.79,6.5,6.34,12.81,6.47
부여규암,충남 부여군 규암면 규암리 산12-5,126.8840845,36.27472147,2016,15.83,18.95,3.12,-,-,-
부여부여,충남 부여군 부여읍 쌍북리 449,126.916907,36.29301622,2016,7.06,13.33,6.27,1.95,13.45,11.5
부여양화,충남 부여군 양화면 입포리 60,126.8804223,36.13509918,2016,2.06,5.65,3.59,-,-,-
부여옥산,충남 부여군 옥산면 안서리 368-1,126.733528,36.19157289,2016,21.57,28.73,7.16,-,-,-
부여은산,충남 부여군 은산면 회곡리 97-3,126.8581729,36.32587434,2016,6.84,14.8,7.96,-,-,-
부천옥길,경기 부천시 소사구 옥길동 668,126.8241174,37.47064822,2016,7.96,13.64,5.68,8.07,13.68,5.61
사천곤양,경남 사천시 곤양면 맥사리 217-3,127.9449799,35.05496658,2016,20.79,25.285,4.495,-,-,-
사천사천,경남 사천시 사천읍 구암리 산2-16,128.103787,35.09687372,2016,27.52,41.91,14.39,-,-,-
산청단성,경남 산청군 단성면 남사리 64-1,127.9435329,35.27235859,2016,51.9,57.44,5.54,52.04,57.45,5.41
산청산청,경남 산청군 산청읍 차탄리 산101-4,127.8681926,35.43515328,2016,108.72,116.14,7.42,-,-,-
산청차황,경남 산청군 차황면 법평리 834,127.9564526,35.47804677,2016,461.81,487.328,25.518,-,-,-
삼척가곡,강원 삼척시 가곡면 오저리 629,129.2010009,37.14076624,2016,105.83,111.44,5.61,105.86,111.45,5.59
삼척마평,강원 삼척시 마평동 70,129.1305467,37.43014242,2016,6.59,15.81,9.22,-,-,-
삼척신기,강원 삼척시 신기면 고무릉리 312-12,129.0558085,37.34114148,2016,135.86,138.67,2.81,-,-,-
삼척하장,강원 삼척시 하장면 숙암리 354,128.9645005,37.33940957,2016,670.66,676.06,5.4,-,-,-
상주공성,경북 상주시 공성면 옥산리 254,128.0940718,36.29164535,2016,77.59,82.08,4.49,77.63,82.08,4.45
상주모동,경북 상주시 모동면 수봉리 168-5,127.9452188,36.29495851,2016,225.46,230.79,5.33,-,-,-
상주사벌,경북 상주시 사벌면 원흥리 24-28,128.1962177,36.45920807,2016,48.32,51.94,3.62,-,-,-
상주서문,경북 상주시 서문동 131-1,128.1566134,36.41637891,2016,53.69,55.76,2.07,-,-,-
상주화남,경북 상주시 화남면 평온리 504-2,127.892303,36.44493239,2016,188.09,191.48,3.39,-,-,-
상주화동,경북 상주시 화동면 신촌리 790,127.9516291,36.37175087,2016,248.03,251.53,3.5,-,-,-
서산석남,충남 서산시 석남동 298-14,126.456685,36.75542141,2016,14.67,30.11,15.44,-,-,-
서산운산,충남 서산시 운산면 수당리 400-45,126.5943524,36.81702351,2016,28.11,32.94,4.83,-,-,-
서산팔봉,충남 서산시 팔봉면 어송리 1654-8,126.3451629,36.80715205,2016,2.48,4.67,2.19,-,-,-
서산해미,충남 서산시 해미면 휴암리 144-4,126.5491041,36.70811803,2016,31.64,34.98,3.34,-,-,-
서울마곡,서울 강서구 마곡동 41-86,126.8369224,37.57729382,2016,2.19,9.87,7.68,1.99,9.88,7.89
서울장위,서울 성북구 장위동 270-1,127.0558307,37.61881139,2016,16.57,22.33,5.76,-,-,-
서울항동,서울 구로구 항동 222-13,126.8194259,37.48325204,2016,14.81,19.49,4.68,-,-,-
서천마산,충남 서천군 마산면 신장리 323-11,126.7912394,36.11794963,2016,18.65,25.95,7.3,18.9,25.93,7.03
성남사송,경기 성남시 수정구 사송동 512,127.108685,37.41272293,2016,54.28,59.928,5.648,-,-,-
성주벽진,경북 성주군 벽진면 봉계리 1442-41,128.2351102,35.93848779,2016,44.59,48.47,3.88,44.64,48.42,3.78
세종부강(청원부용),세종특별자치시 부강면 부강리 1149-43,127.3652622,36.52201959,2016,16.63,23.86,7.23,16.54,23.76,7.22
세종조치원(연기조치원),세종특별자치시 조치원읍 평리 12-1,127.3004581,36.60687418,2016,22.78,26.24,3.46,22.85,26.22,3.37
속초노학,강원 속초시 노학동 764-6,128.5464936,38.18683039,2016,11.74,14.28,2.54,11.68,14.3,2.62
수원오목천,경기 수원시 권선구 오목천동 919-6,126.9691121,37.24462459,2016,22.21,26.05,3.84,-,-,-
순창순창,전북 순창군 순창읍 남계리 968-28,127.1482435,35.36782342,2016,81.34,84.82,3.48,81.01,84.72,3.71
순창쌍치,전북 순창군 쌍치면 금평리 811-7,126.9925576,35.49940145,2016,224.63,226.87,2.24,224.26,226.85,2.59
순천상사,전남 순천시 상사면 흘산리 252-22,127.4550579,34.93907854,2016,7.83,15.76,7.93,-,-,-
순천승주,전남 순천시 승주읍 서평리 92-1,127.3898335,35.01438781,2016,122.48,125.13,2.65,-,-,-
순천외서,전남 순천시 외서면 화전리 320-4,127.2774137,34.91378282,2016,197.8,201.69,3.89,197.49,201.71,4.22
순천풍덕,전남 순천시 풍덕동 325-7,127.5083228,34.93743269,2016,2.57,6.3,3.73,2.66,6.44,3.78
순천황전,전남 순천시 황전면 괴목리 51-1,127.4256078,35.08771042,2016,42.94,69.32,26.38,64.69,69.31,4.62
시흥군자,경기 시흥시 군자동 583-2,126.7848743,37.35677511,2016,5.78,11.26,5.48,4.27,11.29,7.02
아산도고,충남 아산시 도고면 시전리 581-37,126.8985345,36.7554115,2016,12.22,17.17,4.95,12.2,17.15,4.95
아산득산,충남 아산시 득산동 394-15,126.9622271,36.78502692,2016,15.91,20.65,4.74,15.97,20.62,4.65
안동길안,경북 안동시 길안면 천지리 731-1,128.8943033,36.45865072,2016,125.08,128.91,3.83,125.13,128.91,3.78
안동녹전,경북 안동시 녹전면 신평리 729,128.7748535,36.7427232,2016,206.84,207.48,0.64,-,-,-
안동와룡,경북 안동시 와룡면 서현리 273-2,128.755417,36.66852339,2016,222.41,224.29,1.88,-,-,-
안동태화,경북 안동시 태화동 570,128.7067153,36.5585296,2016,86.96,94.93,7.97,87.04,94.92,7.88
안산부곡,경기 안산시 상록구 부곡동 산41-9,126.8678702,37.33796119,2016,44.43,73.94,29.51,-,-,-
안성삼죽,경기 안성시 삼죽면 용월리 430-4,127.3787303,37.07751568,2016,107.25,109.44,2.19,107.32,109.44,2.12
안성신모산,경기 안성시 신모산동 105,127.2492152,37.01978435,2016,31.74,61.55,29.81,-,-,-
안양비산,경기 안양시 동안구 비산동 산96-5,126.9454319,37.41045111,2016,41.71,49.73,8.02,-,-,-
양구방산,강원 양구군 방산면 현리 50-4,127.9439015,38.20973694,2016,245.5,250.72,5.22,-,-,-
양구양구,강원 양구군 양구읍 죽곡리 산3-8,127.9968758,38.12546024,2016,183.51,193.77,10.26,-,-,-
양구해안,강원 양구군 해안면 후리 25,128.1589156,38.2838494,2016,410.84,417.39,6.55,-,-,-
양산웅상,경남 양산시 덕계동 811-51,129.1572104,35.38541955,2016,109.17,114.6,5.43,111.07,114.62,3.55
양양손양,강원 양양군 손양면 상운리 96-3,128.6918595,38.04242312,2016,0.13,3.47,3.34,0.91,4.12,3.21
양주광적,경기 양주시 광적면 광적리 20-1,126.9595074,37.82431804,2016,89.56,92.69,3.13,89.53,92.67,3.14
양평개군,경기 양평군 개군면 석장리 191-1,127.5156662,37.45566525,2016,33.99,40.35,6.36,34.1,40.34,6.24
양평양동,경기 양평군 양동면 쌍학리 739-26,127.7499587,37.40873061,2016,102.18,106.6,4.42,102.24,106.54,4.3
양평양서,경기 양평군 양서면 양수리 814-2,127.3134507,37.53774723,2016,23.85,29.01,5.16,23.94,29.02,5.08
양평용문,경기 양평군 용문면 삼성리 941,127.5859219,37.47875893,2016,42.55,46.44,3.89,-,-,-
여수소라,전남 여수시 소라면 복산리 15-2,127.6187559,34.77691919,2016,31.98,48.08,16.1,-,-,-
여수평여,전남 여수시 평여동 986-1,127.6714502,34.81149281,2016,23.62,28.85,5.23,-,-,-
여주금사,경기 여주군 금사면 장흥리 128,127.4883672,37.39065761,2016,89.65,91.91,2.26,-,-,-
여주여주,경기 여주군 여주읍 하리 398,127.618454,37.30358044,2016,30.52,40.22,9.7,-,-,-
여주점동,경기 여주군 점동면 청안리 47-3,127.6606703,37.19926251,2016,57.07,61.8,4.73,57.05,61.74,4.69
연천군남,경기 연천군 군남면 선곡리 627-2,127.0210078,38.10290827,2016,35.59,50.3,14.71,-,-,-
연천왕징,경기 연천군 왕징면 노동리 113-3,126.9914085,38.07437969,2016,65.6,69.422,3.822,-,-,-
영광불갑,전남 영광군 불갑면 안맹리 240-12,126.5070659,35.20931711,2016,22.73,27.46,4.73,-,-,-
영덕달산,경북 영덕군 달산면 대지리 921,129.2979821,36.41302255,2016,42.44,46.42,3.98,42.46,46.43,3.97
영덕병곡,경북 영덕군 병곡면 영리 287-13,129.4024266,36.59087635,2016,1.25,4.9,3.65,-,-,-
영덕영해,경북 영덕군 영해면 벌영리 563-6,129.3956315,36.54242804,2016,7.81,10.69,2.88,-,-,-
영동심천,충북 영동군 심천면 금정리 204-1,127.7070468,36.18851792,2016,104.56,113.83,9.27,-,-,-
영동양강,충북 영동군 양강면 괴목리 201-1,127.7510555,36.15292,2016,147.58,151.05,3.47,147.73,151.05,3.32
영동추풍령,충북 영동군 추풍령면 신안리 112-5,128.0166683,36.24755486,2016,349.71,353.08,3.37,-,-,-
영암미암,전남 영암군 미암면 미암리 994-1,126.5829541,34.69713281,2016,20.7,23.53,2.83,20.84,23.55,2.71
영암영암,전라남도 영암군 영암읍 대신리 704-23,126.7078882,34.81024269,2016,3.07,8.38,5.31,2.96,8.38,5.42
영암학산,전남 영암군 학산면 금계리 1098-3,126.5851359,34.72788867,2016,30.22,33.23,3.01,-,-,-
영양영양,경북 영양군 영양읍 현리 21-1,129.1270803,36.65761523,2016,218.67,222.91,4.24,-,-,-
영양입암,경북 영양군 입암면 신구리 94-2,129.0828789,36.6086759,2016,188.04,194.39,6.35,-,-,-
영월상동,강원 영월군 상동읍 내덕리 235,128.7808871,37.11885318,2016,422.61,425.32,2.71,-,-,-
영월영월,강원 영월군 영월읍 영흥리 85,128.4757876,37.21419822,2016,193.64,215.15,21.51,-,-,-
영주문정,경북 영주시 문정동 706,128.6099195,36.80663646,2016,129.46,134.12,4.66,129.47,134.1,4.63
영주풍기,경북 영주시 풍기읍 전구리 718-1,128.4780698,36.87351051,2016,317.58,324.89,7.31,-,-,-
영천금노,경북 영천시 금노동 398-1,128.9307501,35.95496493,2016,71.06,72.89,1.83,-,-,-
영천청통,경북 영천시 청통면 치일리 286-7,128.8001153,35.99188836,2016,102.82,121.65,18.83,-,-,-
영천화북,경북 영천시 화북면 자천리 895,128.9209231,36.10935526,2016,151.91,155.594,3.684,-,-,-
예산덕산,충남 예산군 덕산면 읍내리 428-15,126.663829,36.7057784,2016,48.01,51.05,3.04,48.5,51.05,2.55
예산예산,충남 예산군 예산읍 주교리 420-2,126.8259573,36.6760302,2016,7.35,14.31,6.96,7.42,14.31,6.89
예산오가,충남 예산군 오가면 역탑리 66-4,126.8067043,36.68429653,2016,10.52,13.3,2.78,10.35,13.16,2.81
예천예천,경북 예천군 예천읍 지내리 256-2,128.4240306,36.64074456,2016,83.28,87.17,3.89,83.34,87.19,3.85
예천풍양,경북 예천군 풍양면 공덕리 387-5,128.3055559,36.50496182,2016,55.8,57.61,1.81,-,-,-
오산궐동,경기 오산시 궐동 130-5,127.062175,37.16153341,2016,45.06,58.01,12.95,-,-,-
옥천군북,충북 옥천군 군북면 이백리 346-42,127.5344359,36.33008627,2016,90.96,94.58,3.62,-,-,-
옥천이원,충북 옥천군 이원면 강청리 42-2,127.6180852,36.24542499,2016,103.73,111.56,7.83,-,-,-
옥천청산,충북 옥천군 청산면 지전리 25,127.7936257,36.34437278,2016,104.88,110.309,5.429,105,110.311,5.311
옥천청성,충북 옥천군 청성면 묘금리 19-1,127.7259721,36.27825656,2016,137.03,139.98,2.95,136.46,139.98,3.52
완도군외,전남 완도군 군외면 삼두리 산1-4,126.6677369,34.343099,2016,139.74,146.87,7.13,-,-,-
완주고산,전북 완주군 고산면 소향리 880-34,127.2605987,35.98862267,2016,68.52,73.62,5.1,-,-,-
완주삼례,전북 완주군 삼례읍 후정리 103-3,127.0678866,35.90398073,2016,9.65,15.6,5.95,9.51,15.57,6.06
완주용진,전북 완주군 용진면 구억리 806-19,127.1576333,35.87563847,2016,23.63,28.79,5.16,23.72,28.83,5.11
완주운주,전북 완주군 운주면 산북리 950,127.3363757,36.09512327,2016,119.86,124.71,4.85,-,-,-
용인남사,경기 용인시 남사면 봉무리 701-60,127.1510029,37.11179363,2016,15.48,20.65,5.17,15.38,20.69,5.31
용인마평,경기 용인시 마평동 716-5,127.2112291,37.23767082,2016,80.02,83.51,3.49,80.17,83.51,3.34
울산달천,울산 북구 달천동 892-131,129.3051216,35.63776691,2016,55.07,57.8,2.73,-,-,-
울산범서,울산 울주군 범서면 사연리 703-87,129.2050049,35.57693836,2016,16.17,23.76,7.59,16.15,23.72,7.57
울산상북,울산 울주군 상북면 궁근정리 1233-1,129.0739256,35.61292084,2016,179.4,198.56,19.16,193.5,198.59,5.09
울산온양,울산 울주군 온양읍 망양리 725-135,129.2911592,35.45977103,2016,9.98,12.32,2.34,10.02,12.34,2.32
울진북면,경북 울진군 북면 주인리 8-1,129.3490026,37.08728977,2016,13.03,18.13,5.1,13.05,18.09,5.04
울진온정,경북 울진군 온정면 소태리 542,129.3489216,36.71866363,2016,106.02,108.53,2.51,-,-,-
울진울진,경북 울진군 울진읍 정림리 607-1,129.3542709,37.02630874,2016,31.63,36,4.37,-,-,-
원주귀래,강원 원주시 귀래면 운남리 1341,127.9119627,37.18182199,2016,135.73,139.73,4,-,-,-
원주명륜,강원 원주시 명륜동 849-1,127.9393219,37.32244273,2016,160.29,163.88,3.59,160,163.86,3.86
원주문막,강원 원주시 문막읍 문막리 1049-1,127.8127807,37.30698826,2016,54.79,59.17,4.38,54.34,59.17,4.83
원주신림,강원 원주시 신림면 심림리 산32,128.0594225,37.24990441,2016,330.77,336.02,5.25,-,-,-
음성대소,충북 음성군 대소면 오류리 70-3,127.4833773,36.97164406,2016,83.84,92.22,8.38,84.31,92.2,7.89
음성생극,충북 음성군 생극면 신양리 852-1,127.6009064,37.04381117,2016,74.74,79.34,4.6,74.71,79.39,4.68
음성원남,충북 음성군 원남면 보천리 산111-1,127.6369008,36.88249806,2016,185.67,190,4.33,-,-,-
음성음성,충북 음성군 음성읍 읍내리 536-6,127.6905564,36.93485989,2016,142.09,145.52,3.43,-,-,-
의령낙서,경남 의령군 낙서면 아근리 449,128.3719057,35.51343161,2016,3.6,16.37,12.77,5.38,16.37,10.99
의령봉수,경남 의령군 봉수면 죽전리 1316-1,128.2664859,35.47223918,2016,58.26,73.55,15.29,69.91,73.56,3.65
의령의령,경남 의령군 의령읍 정암리 75-7,128.3001507,35.31891395,2016,6.79,16.48,9.69,8.98,16.57,7.59
의성금성,경북 의성군 금성면 하리 275-1,128.6807649,36.28977974,2016,96.56,100.221,3.661,-,-,-
의성안계,경북 의성군 안계면 용기리 475-2,128.4401614,36.38377223,2016,48.55,51.42,2.87,-,-,-
의성의성,경북 의성군 의성읍 도서리 114-3,128.6951659,36.34550785,2016,81.4,85.48,4.08,-,-,-
의왕고천,경기 의왕시 고천동 171,126.9701449,37.34432045,2016,54.61,64.927,10.317,-,-,-
의정부신곡,경기 의정부시 신곡1동 615-38,127.0548349,37.73442267,2016,33.55,39.03,5.48,33.57,39,5.43
이천율현,경기 이천시 율현동 179-1,127.4468615,37.25601148,2016,45.91,50.37,4.46,45.97,50.37,4.4
익산낭산,전북 익산시 낭산면 삼담리 589-14,127.0098557,36.07815793,2016,10.02,18.07,8.05,10.29,18.08,7.79
익산용동,전북 익산시 용동면 대조리 815-1,126.9915204,36.10935864,2016,7.45,9.63,2.18,-,-,-
인제기린,강원 인제군 기린면 방동리 1246,128.3813895,37.93995734,2016,364.95,369.04,4.09,-,-,-
인제남면,강원 인제군 남면 신남리 179-2,128.0867555,37.97611178,2016,191.3,199.88,8.58,191.15,199.89,8.74
인제상남,강원 인제군 상남면 상남리 80,128.2579071,37.87323943,2016,392.76,400.52,7.76,-,-,-
인제서화,강원 인제군 서화면 천도리 834-3,128.2061554,38.22152233,2016,285.02,290.96,5.94,-,-,-
인제인제,강원 인제군 인제읍 남북리 475-2,128.1663606,38.055525,2016,191.37,195.91,4.54,191.4,195.91,4.51
인천만수,인천 남동구 만수동 811-4,126.7363249,37.43382441,2016,3.93,7.85,3.92,-,-,-
인천연수,인천 연수구 연수동 594-1,126.678633,37.41508242,2016,2.62,10.03,7.41,3.17,10.03,6.86
인천하점,인천 강화군 하점면 신봉리 617-2,126.4106594,37.77519879,2016,8.06,17.99,9.93,-,-,-
임실덕치,전북 임실군 덕치면 장암리 산 301,127.15121,35.47279926,2016,171.77,196.6,24.83,190.39,196.6,6.21
임실오수,전북 임실군 오수면 오수리 148-5,127.3271465,35.5272308,2016,113.43,116.75,3.32,113.39,116.75,3.36
임실임실,전북 임실군 임실읍 갈마리 290-6,127.2933469,35.62621666,2016,217.69,222.2,4.51,-,-,-
장성남면,전남 장성군 남면 분향리 360-4,126.8122227,35.24749399,2016,33.8,40.99,7.19,33.86,40.99,7.13
장성북이,전남 장성군 북이면 모현리 581-86,126.8011769,35.40232072,2016,81.33,84.893,3.563,81.79,84.877,3.087
장성삼계,전남 장성군 삼계면 부성리 산127-3,126.6205051,35.30075047,2016,227.19,228.48,1.29,-,-,-
장성황룡,전남 장성군 황룡면 와룡리 425-3,126.7553777,35.27674517,2016,32.42,36.13,3.71,32.45,36.13,3.68
장수번암,전북 장수군 번암면 죽산리 589-4,127.497387,35.54797371,2016,307.3,312.36,5.06,-,-,-
장수산서,전북 장수군 산서면 신창리 801,127.3895792,35.58229746,2016,145.46,147.4,1.94,145.32,147.38,2.06
장수장수,전북 장수군 장수읍 송천리 89-1,127.5137458,35.64190841,2016,412.35,416.62,4.27,412.28,416.62,4.34
장흥장흥,전남 장흥군 장흥읍 연산리 170-5,126.8910424,34.6879295,2016,20.44,23.98,3.54,20.45,23.98,3.53
전주만성,전북 전주시 덕진구 만성동 832,127.0722386,35.83015636,2016,30.05,36.31,6.26,30.23,36.31,6.08
정선동면,강원 정선군 동면 석곡리 382,128.7492289,37.33795179,2016,395.01,401.96,6.95,-,-,-
정선임계,강원 정선군 임계면 송계리 산150-20,128.8229727,37.49944085,2016,594.14,592.27,-1.87,-,-,-
정선정선,강원 정선군 정선읍 덕송리 626-2,128.6668342,37.39366161,2016,300.95,347.9,46.95,318.45,347.05,28.6
정읍산외,전북 정읍시 산외면 평사리 755-1,127.0359043,35.62149354,2016,43.44,48,4.56,-,-,-
정읍상평,전북 정읍시 상평동 697-1,126.8228581,35.56297595,2016,23.08,27.14,4.06,-,-,-
정읍신태인,전북 정읍시 신태인읍 구석리 439-30,126.8908366,35.67921423,2016,1.93,6.83,4.9,1.92,6.8,4.88
정읍옹동,전북 정읍시 옹동면 산성리 529-6,126.9714781,35.61845578,2016,17.1,22.97,5.87,17.08,22.92,5.84
제주노형,제주도 제주시 노형동 산9,126.4838128,33.44497442,2016,93.69,271.17,177.48,-,-,-
제주동홍,제주도 서귀포시 동홍동 945,126.5672764,33.2754922,2016,65,187.7,122.7,-,-,-
제주조천,제주도 제주시 조천읍 교래리 11-3,126.724814,33.4312163,2016,93.79,342.6,248.81,-,-,-
제주한경,제주도 제주시 한경면 저지리 2417,126.2708493,33.3222504,2016,57.12,139.81,82.69,-,-,-
제천고암,충북 제천시 고암동 124-4,128.2471497,37.1692407,2016,265.71,267.09,1.38,265.56,267.09,1.53
제천금성,충북 제천시 금성면 중전리 165,128.1864457,37.05746161,2016,148.61,147.14,-1.47,-,-,-
제천청풍,충북 제천시 청풍면 물태리 133,128.1651293,36.99847794,2016,188.85,195.2,6.35,-,-,-
증평증평,충북 증평군 증평읍 덕상리 729,127.6234154,36.74752601,2016,92.72,95.97,3.25,92.91,96.17,3.26
진도의신,전남 진도군 의신면 돈지리 산71-4,126.2794707,34.43230401,2016,5.66,14.75,9.09,-,-,-
진안마령,전북 진안군 마령면 평지 1004-2,127.3706629,35.7344095,2016,276.63,279.65,3.02,-,-,-
진안정천,전북 진안군 정천면 봉학리 547,127.4289214,35.87296746,2016,267.55,276.12,8.57,-,-,-
진주일반성,경남 진주시 일반성면 개암리 473-1,128.2896264,35.16897196,2016,27.06,29.99,2.93,-,-,-
진주초전,경남 진주시 초전동 189-3,128.1221752,35.20457635,2016,15.26,21.53,6.27,15.37,21.53,6.16
진천진천,충북 진천군 진천읍 성석리 133-5,127.4585734,36.85604195,2016,57.46,60.41,2.95,-,-,-
진해자은,경남 창원시 진해구 자은동 856-8,128.7056802,35.14705397,2016,13.97,17.85,3.88,15.49,17.85,2.36
창녕성산,경남 창녕군 성산면 냉천리 859-12,128.4883379,35.63050059,2016,65.97,68.84,2.87,66.02,68.82,2.8
창녕영산,경남 창녕군 영산면 죽사리 1456-41,128.5272646,35.44846269,2016,35.77,39.09,3.32,-,-,-
창녕창녕,경남 창녕군 창녕읍 직교리 204,128.4788213,35.53732976,2016,29.04,32.47,3.43,-,-,-
창원북면,경남 창원시 의창구 북면 마산리 409-288,128.6219324,35.34683457,2016,-2.55,8.02,10.57,-2.09,8.05,10.14
천안북면,충남 천안시 동남구 북면 사담리 산71-1,127.2688765,36.83311104,2016,103.39,106.53,3.14,-,-,-
천안성거,충남 천안시 성거읍 저리 57-26,127.1990639,36.87783855,2016,46,50.33,4.33,46.19,50.38,4.19
천안수신,충남 천안시 수신면 장산리 148-22,127.2966868,36.73066256,2016,48.42,52.09,3.67,48.46,52.1,3.64
철원갈말,강원 철원군 갈말읍 문혜리 888-3,127.3235928,38.18571109,2016,162.34,168.77,6.43,-,-,-
철원철원,강원 철원군 철원읍 율이리 산206-2,127.1635718,38.24374341,2016,142.48,146.08,3.6,-,-,-
청도청도,경북 청도군 청도읍 고수리 1034-22,128.7506774,35.63657711,2016,55.93,63.41,7.48,57.6,63.39,5.79
청송부남,경북 청송군 부남면 감연리 산99,129.0597897,36.35652847,2016,240.27,245.104,4.834,-,-,-
청송진보,경북 청송군 진보면 이촌리 396-1,129.0325843,36.51917254,2016,184.34,192.47,8.13,-,-,-
청송파천,경북 청송군 파천면 관리 512-3,129.0364035,36.46382211,2016,167.4,172.5,5.1,167.7,172.5,4.8
청송현서,경북 청송군 현서면 구산리 509-3,128.89164,36.27424505,2016,316.09,321.69,5.6,-,-,-
청양정산,충남 청양군 정산면 역촌리 601-2,126.9475818,36.41642536,2016,24.58,39.77,15.19,-,-,-
청원가덕,충청북도 청주시 상당구 가덕면 국전리 194-6,127.5073152,36.53262876,2016,74.3,87.59,13.29,74.29,87.62,13.33
청원강내,충청북도 청주시 흥덕구 강내면 다락리 227,127.3605068,36.60588243,2016,36.5,42.66,6.16,36.19,42.62,6.43
청원미원,충청북도 청주시 상당구 미원면 내산리 378,127.657819,36.64138681,2016,228.38,233.47,5.09,-,-,-
청원북일,충청북도 청주시 청원구 내수읍 초정리 358-6,127.605973,36.72240255,2016,100.56,103.89,3.33,-,-,-
청원현도,충청북도 청주시 서원구 현도면 죽암리 474-19,127.4314905,36.52340276,2016,48.37,53.45,5.08,-,-,-
청주내덕,충청북도 청주시 청원구 내덕동 777-5,127.473784,36.65896909,2016,33.92,39.96,6.04,33.89,39.93,6.04
춘천북산,강원 춘천시 북산면 추곡리 108-1,127.889669,38.03024471,2016,213.14,218.42,5.28,-,-,-
춘천서면,강원 춘천시 서면 금산리 산72-1,127.6816956,37.89611584,2016,80.64,84.62,3.98,-,-,-
춘천신동,강원 춘천시 신동면 팔미리 861-1,127.6960697,37.82118836,2016,205.25,211.24,5.99,205.4,211.31,5.91
춘천우두,강원 춘천시 우두동 429-18,127.7380903,37.90374768,2016,70.93,77.53,6.6,70.87,77.53,6.66
충주가금,충북 충주시 가금면 가흥리 582-5,127.855281,37.07748917,2016,51.37,63.09,11.72,51.65,63.04,11.39
충주동량,충북 충주시 동량면 조동리 1370-4,127.9630254,37.02627739,2016,74.45,82.66,8.21,74.38,82.63,8.25
충주수안보,충북 충주시 수안보면 수회리 785-1,127.9668839,36.87028054,2016,148.27,152,3.73,-,-,-
칠곡가산,경북 칠곡군 가산면 천평리 139-2,128.5389219,36.08590732,2016,107.95,113.03,5.08,107.91,113.04,5.13
칠곡왜관,경북 칠곡군 왜관읍 삼청리 1019-21,128.4213026,35.98089601,2016,27.9,31.21,3.31,27.97,31.25,3.28
태백상사미,강원 태백시 상사미동 289,128.9885823,37.28284903,2016,710.15,716.86,6.71,-,-,-
태백황지,강원 태백시 황지동 244-3,128.9860617,37.16374258,2016,684.36,699.08,14.72,-,-,-
태안안면,충남 태안군 안면읍 중장리 392-1,126.3852941,36.48546842,2016,5.83,8.9,3.07,-,-,-
태안원북,충남 태안군 원북면 청산리 산164-1,126.2605797,36.81002965,2016,25.48,30.22,4.74,-,-,-
태안태안,충남 태안군 태안읍 상옥리 1161,126.3112656,36.76317615,2016,18.32,21.35,3.03,-,-,-
통영용남,경남 통영시 용남면 원평리 789-14,128.4610014,34.89025105,2016,-0.22,1.43,1.65,-,-,-
파주맥금,경기 파주시 맥금동 909,126.7310884,37.77066207,2016,5.87,8.48,2.61,5.98,8.46,2.48
파주문산,경기 파주시 문산읍 이천리 449-1,126.8293242,37.86045848,2016,25.03,28.9,3.87,-,-,-
파주법원,경기 파주시 법원읍 대능리 530-10,126.8519379,37.83472443,2016,27.64,31.57,3.93,-,-,-
평창대화,강원 평창군 대화면 대화리 1172-3,128.4575606,37.50125958,2016,413.42,439.87,26.45,-,-,-
평창방림,강원 평창군 방림면 계촌리 산1-15,128.2472179,37.47751154,2016,750.09,756.6,6.51,-,-,-
평창봉평,강원 평창군 봉평면 원길리 129-1,128.369095,37.62471369,2016,560.79,565.16,4.37,560.84,565.2,4.36
평창진부,강원 평창군 진부면 하진부리 1290-1,128.5283847,37.65082241,2016,537.41,540.54,3.13,-,-,-
평창평창,강원 평창군 평창읍 천동리 351,128.3841779,37.33203349,2016,275.45,281.8,6.35,275.27,281.8,6.53
평택안중,경기 평택시 안중면 덕우리 812,126.9180367,37.01144704,2016,13.23,17.54,4.31,13.23,17.56,4.33
평택진위,경기 평택시 진위면 동천리 591-1,127.1006101,37.12467141,2016,43.82,48.99,5.17,-,-,-
평택통복,경기 평택시 통복동 73,127.085455,36.99856999,2016,2.45,9.62,7.17,2.39,9.62,7.23
포천대회산,경기 포천시 영북면 대회산리 452,127.2216036,38.07661585,2016,93.47,116.2,22.73,-,-,-
포천영북,경기 포천시 영북면 야미리 254-3,127.2713767,38.05851398,2016,132.57,138.55,5.98,132.63,138.49,5.86
포천화현,경기 포천시 화현면 명덕리 37-1,127.2802423,37.88598934,2016,145.68,149.93,4.25,-,-,-
포항구룡포,경북 포항시 남구 구룡포읍 석병리 251-14,129.571827,36.0290252,2016,29.29,41.6,12.31,-,-,-
포항기북,경북 포항시 북구 기북면 용기리 271-8,129.1674262,36.1303056,2016,116.3,121.11,4.81,117.33,121.12,3.79
포항동해,경북 포항시 동해면 석리 26,129.476183,35.98699483,2016,76.65,85.81,9.16,-,-,-
포항신광,경북 포항시 북구 신광면 토성리 340-3,129.2629508,36.13016777,2016,76.01,82.38,6.37,-,-,-
포항연일,경북 포항시 남구 연일읍 유강리 195,129.312295,36.00203771,2016,-0.8,5.89,6.69,-0.84,5.89,6.73
포항장흥,경북 포항시 남구 장흥동 1821,129.374772,35.98027584,2016,26.79,28.73,1.94,-,-,-
하남하산곡,경기 하남시 하산곡동 산18-34,127.2313176,37.51186857,2016,73.33,81.93,8.6,-,-,-
하동양보,경남 하동군 양보면 운암리 353-3,127.8455748,35.04943021,2016,26.68,30.12,3.44,-,-,-
하동하동,경남 하동군 하동읍 읍내리 1563-2,127.7406721,35.07235387,2016,0.65,7.66,7.01,0.53,7.66,7.13
하동화개,경남 하동군 화개면 부춘리 1177,127.6651361,35.15654484,2016,11.96,15.64,3.68,11.73,15.63,3.9
함안가야,경남 함안군 가야읍 혈곡리 245-1,128.383798,35.25519459,2016,15.56,20.26,4.7,-,-,-
함안칠원,경남 함안군 칠원면 예곡리 831,128.5291191,35.26948376,2016,36.83,43,6.17,36.86,43,6.14
함양마천,경남 함양군 마천면 가흥리 513-9,127.6630895,35.39637048,2016,287.49,299.74,12.25,287.51,299.78,12.27
함양병곡,경남 함양군 병곡면 송평리 628-3,127.6785102,35.52944583,2016,214.35,218.91,4.56,214.32,218.86,4.54
함양서상,경남 함양군 서상면 상남리 1567-5,127.6664899,35.7224365,2016,735.18,735.59,0.41,-,-,-
함평신광,전남 함평군 신광면 월암리 202,126.4972126,35.1541463,2016,37.83,40.56,2.73,37.74,40.52,2.78
함평월야,전남 함평군 월야면 계림리 622-28,126.6242575,35.20023093,2016,27.46,30.67,3.21,27.48,30.67,3.19
합천삼가,경남 합천군 삼가면 양전리 719-33,128.1386767,35.42132547,2016,94.63,98.77,4.14,-,-,-
합천야로,경남 합천군 야로면 야로리 463-28,128.1709706,35.70678905,2016,103.26,108.01,4.75,-,-,-
합천적중,경남 합천군 적중면 부수리 1071-4,128.2871556,35.55405263,2016,10.51,18.51,8,10.77,18.54,7.77
합천합천,경남 합천군 합천읍 서산리 1301-84,128.149553,35.59003831,2016,43.53,48.05,4.52,43.47,48.05,4.58
해남옥천,전남 해남군 옥천면 신죽리 600,126.642489,34.61021989,2016,8.96,11.19,2.23,-,-,-
해남해남,전남 해남군 해남읍 용정리 산4-3,126.5900645,34.55922752,2016,38.53,48.76,10.23,-,-,-
해남현산,전남 해남군 현산면 구산리 529-10,126.5845736,34.429556,2016,11.17,14.07,2.9,-,-,-
홍성결성,충남 홍성군 결성면 성호리 314-2,126.535957,36.53575306,2016,42.63,46.44,3.81,-,-,-
홍성홍성,충남 홍성군 홍성읍 고암리 560,126.6738797,36.59778231,2016,35.96,50.78,14.82,-,-,-
홍천서면,강원 홍천군 서면 모곡리 산234-4,127.610261,37.67487006,2016,56.34,64.26,7.92,-,-,-
홍천서석,강원 홍천군 서석면 풍암리 1074-1,128.1786421,37.72144641,2016,292.66,299.78,7.12,-,-,-
홍천홍천,강원 홍천군 홍천읍 희망리 421-2,127.8747327,37.68895609,2016,119.28,128.56,9.28,119.33,128.54,9.21
홍천화촌,강원 홍천군 화촌면 군업리 1426-144,128.0013371,37.75258939,2016,170.06,175.4,5.34,-,-,-
화성송산,경기 화성시 송산면 육일리 595-3,126.7218238,37.19891911,2016,18.74,34.82,16.08,30.54,34.82,4.28
화성양감,경기 화성시 양감면 신왕리 815-2,126.9453992,37.08015431,2016,21.9,25.47,3.57,22.82,25.47,2.65
화성우정,경기 화성시 우정읍 조암리 411-2,126.8145725,37.08937672,2016,16.88,26.15,9.27,16.88,26.13,9.25
화성팔탄,경기 화성시 팔탄면 구장리 1029-4,126.9035466,37.16666479,2016,27.44,30.24,2.8,27.45,30.2,2.75
화순남면,전남 화순군 남면 절산리 368-8,127.1210723,35.00054736,2016,110.76,113.14,2.38,-,-,-
화순능주,전남 화순군 능주면 만수리 348-32,126.9530385,35.01679958,2016,40.28,42.77,2.49,40.65,42.8,2.15
화순북면,전남 화순군 북면 원리 97-1,127.1368713,35.19249742,2016,253.27,260.32,7.05,-,-,-
화순이양,전남 화순군 이양면 매정리 79-2,127.0306248,34.8643582,2016,92.48,96.31,3.83,92.49,96.32,3.83
화천간동,강원 화천군 간동면 유촌리 591-1,127.7928195,38.05394648,2016,182.13,187.08,4.95,182.39,187.08,4.69
화천사내,강원 화천군 사내면 사창리 438-4,127.520771,38.07379974,2016,267.35,274.43,7.08,-,-,-
화천상서,강원 화천군 상서면 파포리 173-3,127.6511153,38.16180839,2016,171.74,173.85,2.11,171.54,173.8,2.26
화천화천,강원 화천군 화천읍 풍산리 1381,127.7305082,38.12740749,2016,190.58,198.41,7.83,-,-,-
횡성안흥,강원 횡성군 안흥면 안흥리 57-2,128.1600536,37.41085862,2016,422.78,425.88,3.1,-,-,-
횡성횡성,강원 횡성군 횡성읍 학곡리 458-21,127.9589801,37.50203055,2016,133.31,137.15,3.84,-,-,-
